SKU code,5/31/2024,6/30/2024,7/31/2024,8/31/2024,9/30/2024,10/31/2024
FUR-BO-10001798,  1.9 ,  2.4 ,  0.9 ,  0.9 ,  1.0 ,  1.1 
FUR-CH-10000454,  1.2 ,  1.3 ,  1.3 ,  1.1 ,  1.1 ,  2.4 
OFF-LA-10000240,  0.6 ,  0.8 ,  0.5 ,  0.5 ,  0.5 ,  0.5 
FUR-TA-10000577,  0.4 ,  0.4 ,  0.8 ,  0.7 ,  0.7 ,  0.5 
OFF-ST-10000760,  0.3 ,  0.3 ,  0.2 ,  0.5 ,  0.2 ,  0.2 
FUR-FU-10001487,  0.1 ,  0.1 ,  0.1 ,  0.1 ,  0.1 ,  0.1 
OFF-AR-10002833,  1.0 ,  3.0 ,  3.0 ,  1.0 ,  1.0 ,  5.0 
TEC-PH-10002275,  1.0 ,  1.4 ,  1.0 ,  0.8 ,  0.9 ,  1.0 
OFF-BI-10003910,  0.7 ,  1.2 ,  0.8 ,  0.7 ,  1.6 ,  0.8 
OFF-AP-10002892,  0.6 ,  0.6 ,  0.3 ,  0.6 ,  0.3 ,  0.4 
FUR-TA-10001539,  2.4 ,  2.2 ,  1.4 ,  2.9 ,  1.4 ,  1.3 
TEC-PH-10002033,  3.0 ,  2.0 ,  1.0 ,  5.0 ,  4.0 ,  4.0 
OFF-PA-10002365,  1.1 ,  2.4 ,  1.9 ,  1.6 ,  1.5 ,  1.7 
OFF-BI-10003656,  0.7 ,  1.4 ,  1.1 ,  1.4 ,  1.4 ,  0.8 
OFF-AP-10002311,  3.4 ,  3.4 ,  1.8 ,  1.3 ,  3.0 ,  2.7 
OFF-BI-10000756,  2.3 ,  2.3 ,  2.0 ,  2.8 ,  1.5 ,  3.5 
OFF-ST-10004186,  0.8 ,  1.1 ,  2.3 ,  1.0 ,  1.8 ,  2.0 
OFF-ST-10000107,  1.5 ,  1.5 ,  1.8 ,  1.0 ,  1.5 ,  2.5 
OFF-AR-10003056,  5.0 ,  5.0 ,  2.0 ,  5.0 ,  3.0 ,  2.0 
TEC-PH-10001949,  0.3 ,  0.3 ,  0.4 ,  0.6 ,  0.8 ,  0.4 
OFF-BI-10002215,  0.7 ,  1.1 ,  0.7 ,  1.0 ,  0.8 ,  0.6 
OFF-AR-10000246,  0.7 ,  0.5 ,  0.5 ,  0.5 ,  1.1 ,  0.4 
OFF-AP-10001492,  0.5 ,  1.1 ,  0.6 ,  1.3 ,  0.5 ,  1.3 
FUR-CH-10002774,  0.5 ,  0.7 ,  0.9 ,  0.4 ,  0.9 ,  0.6 
OFF-BI-10001634,  0.2 ,  0.4 ,  0.2 ,  0.2 ,  0.2 ,  0.4 
TEC-AC-10003027,  0.5 ,  0.4 ,  0.6 ,  0.5 ,  0.6 ,  0.7 
FUR-BO-10004834,  0.4 ,  0.7 ,  0.3 ,  0.4 ,  0.4 ,  0.5 
OFF-BI-10000474,  0.8 ,  0.3 ,  0.4 ,  0.4 ,  0.3 ,  0.5 
FUR-FU-10004848,  0.4 ,  0.3 ,  0.5 ,  0.9 ,  0.8 ,  0.5 
OFF-EN-10001509,  0.5 ,  0.3 ,  0.4 ,  0.3 ,  0.5 ,  0.6 
OFF-AR-10004042,  0.6 ,  0.6 ,  0.5 ,  0.5 ,  0.6 ,  0.7 
OFF-BI-10001525,  0.3 ,  0.1 ,  0.2 ,  0.2 ,  0.2 ,  0.3 
OFF-AR-10001683,  1.1 ,  0.7 ,  0.7 ,  1.5 ,  1.0 ,  1.5 
OFF-PA-10000249,  0.5 ,  0.4 ,  0.5 ,  0.4 ,  0.4 ,  0.8 
TEC-PH-10004977,  0.1 ,  0.1 ,  0.1 ,  0.1 ,  0.1 ,  0.1 
FUR-FU-10003664,  0.7 ,  0.6 ,  0.7 ,  0.6 ,  0.8 ,  0.7 
OFF-EN-10002986,  0.3 ,  0.4 ,  0.5 ,  0.3 ,  0.5 ,  0.4 
FUR-BO-10002545,  0.1 ,  0.1 ,  0.1 ,  0.1 ,  0.1 ,  0.1 
FUR-CH-10004218,  0.1 ,  0.1 ,  0.1 ,  0.1 ,  0.1 ,  0.1 
TEC-PH-10000486,  0.5 ,  0.5 ,  0.7 ,  0.8 ,  0.6 ,  0.8 
TEC-PH-10004093,  0.2 ,  0.2 ,  0.3 ,  0.2 ,  0.2 ,  0.2 
OFF-ST-10003479,  0.5 ,  0.5 ,  0.6 ,  0.5 ,  0.5 ,  0.9 
OFF-ST-10003282,  2.7 ,  1.6 ,  2.4 ,  2.2 ,  1.2 ,  3.4 
TEC-AC-10000171,  2.9 ,  4.4 ,  3.7 ,  2.8 ,  2.9 ,  3.1 
OFF-BI-10003291,  0.6 ,  0.7 ,  1.2 ,  1.0 ,  0.8 ,  0.9 
OFF-ST-10001713,  1.5 ,  1.4 ,  1.4 ,  1.1 ,  1.4 ,  1.1 
TEC-AC-10002167,  0.5 ,  1.1 ,  0.5 ,  0.5 ,  1.1 ,  0.6 
TEC-PH-10003988,  3.1 ,  2.5 ,  3.3 ,  3.1 ,  2.7 ,  2.7 
OFF-BI-10004410,  1.0 ,  0.5 ,  0.7 ,  1.1 ,  0.7 ,  1.0 
OFF-LA-10002762,  4.0 ,  3.0 ,  4.0 ,  5.0 ,  5.0 ,  3.0 
FUR-FU-10001706,  0.1 ,  0.1 ,  0.1 ,  0.1 ,  0.1 ,  0.1 
FUR-CH-10003061,  2.7 ,  1.6 ,  1.3 ,  1.2 ,  2.4 ,  2.0 
OFF-FA-10000304,  0.1 ,  0.1 ,  0.1 ,  0.1 ,  0.1 ,  0.1 
TEC-PH-10002447,  0.2 ,  0.4 ,  0.2 ,  0.2 ,  0.4 ,  0.2 
OFF-ST-10000604,  3.4 ,  3.0 ,  3.7 ,  2.4 ,  2.7 ,  2.5 
OFF-PA-10001569,  0.1 ,  0.1 ,  0.2 ,  0.2 ,  0.2 ,  0.1 
FUR-CH-10003968,  5.0 ,  1.0 ,  3.0 ,  1.0 ,  5.0 ,  2.0 
OFF-PA-10000587,  1.9 ,  3.8 ,  4.3 ,  1.9 ,  1.8 ,  1.9 
OFF-BI-10001460,  0.1 ,  0.1 ,  0.1 ,  0.2 ,  0.3 ,  0.1 
OFF-AR-10001868,  1.8 ,  2.8 ,  2.4 ,  2.1 ,  3.4 ,  2.4 
TEC-AC-10004633,  1.5 ,  1.1 ,  1.1 ,  1.1 ,  1.3 ,  1.8 
OFF-BI-10001078,  0.9 ,  1.0 ,  0.4 ,  0.4 ,  0.7 ,  0.4 
OFF-PA-10003892,  0.6 ,  0.3 ,  0.4 ,  0.5 ,  0.4 ,  0.5 
FUR-FU-10000397,  0.8 ,  0.8 ,  0.7 ,  0.4 ,  0.7 ,  0.4 
FUR-CH-10001146,  0.2 ,  0.2 ,  0.2 ,  0.3 ,  0.3 ,  0.2 
OFF-AR-10002671,  0.5 ,  0.5 ,  0.4 ,  0.4 ,  0.4 ,  0.5 
TEC-PH-10002726,  0.5 ,  0.4 ,  0.4 ,  0.3 ,  0.5 ,  0.5 
OFF-PA-10000482,  4.0 ,  5.0 ,  1.0 ,  4.0 ,  5.0 ,  3.0 
OFF-BI-10004654,  168.5 ,  132.4 ,  264.9 ,  109.1 ,  115.9 ,  103.0 
OFF-PA-10004675,  0.4 ,  0.2 ,  0.2 ,  0.2 ,  0.3 ,  0.2 
FUR-CH-10000513,  0.1 ,  0.1 ,  0.1 ,  0.1 ,  0.1 ,  0.1 
FUR-FU-10003708,  0.2 ,  0.3 ,  0.2 ,  0.2 ,  0.1 ,  0.3 
OFF-ST-10004123,  0.8 ,  0.4 ,  0.4 ,  0.7 ,  0.7 ,  0.4 
OFF-BI-10004182,  0.1 ,  0.1 ,  0.1 ,  0.1 ,  0.1 ,  0.1 
FUR-FU-10000260,  0.8 ,  0.8 ,  1.4 ,  0.7 ,  0.8 ,  1.4 
OFF-ST-10000615,  5.0 ,  2.0 ,  2.0 ,  2.0 ,  2.0 ,  3.0 
FUR-FU-10003194,  3.0 ,  1.0 ,  4.0 ,  1.0 ,  4.0 ,  2.0 
OFF-AP-10002118,  3.0 ,  4.0 ,  5.0 ,  3.0 ,  4.0 ,  3.0 
OFF-BI-10002309,  4.0 ,  3.0 ,  2.0 ,  1.0 ,  2.0 ,  1.0 
OFF-AR-10002053,  4.0 ,  2.4 ,  4.0 ,  2.8 ,  2.9 ,  2.3 
OFF-ST-10002370,  0.1 ,  0.1 ,  0.1 ,  0.2 ,  0.1 ,  0.1 
OFF-EN-10000927,  2.0 ,  2.0 ,  2.0 ,  2.6 ,  1.8 ,  2.6 
OFF-ST-10003656,  7.7 ,  7.7 ,  11.6 ,  7.7 ,  14.5 ,  5.8 
FUR-CH-10000863,  1.0 ,  0.9 ,  1.0 ,  1.4 ,  1.2 ,  2.3 
TEC-AC-10001998,  295.4 ,  166.2 ,  177.3 ,  156.4 ,  332.4 ,  133.0 
OFF-LA-10000134,  0.2 ,  0.3 ,  0.1 ,  0.2 ,  0.2 ,  0.1 
OFF-ST-10003442,  1.0 ,  2.0 ,  2.0 ,  1.0 ,  2.0 ,  1.0 
OFF-AR-10004930,  0.3 ,  0.6 ,  0.4 ,  0.5 ,  0.5 ,  0.3 
OFF-PA-10000304,  0.1 ,  0.1 ,  0.1 ,  0.1 ,  0.1 ,  0.1 
OFF-PA-10003177,  0.9 ,  1.2 ,  1.4 ,  1.0 ,  2.4 ,  1.0 
FUR-FU-10003799,  4.0 ,  4.6 ,  4.6 ,  4.0 ,  5.6 ,  6.1 
OFF-BI-10002852,  0.3 ,  0.2 ,  0.2 ,  0.4 ,  0.3 ,  0.3 
OFF-BI-10004738,  4.6 ,  1.9 ,  2.5 ,  3.1 ,  2.8 ,  1.9 
FUR-FU-10000629,  1.0 ,  3.0 ,  4.0 ,  4.0 ,  3.0 ,  2.0 
OFF-BI-10001721,  5.3 ,  4.5 ,  4.5 ,  4.5 ,  9.4 ,  4.3 
OFF-AP-10000358,"  1,244.7 ","  1,493.6 ",  878.6 ,  878.6 ,  933.5 ,"  1,244.7 "
OFF-PA-10003256,  1.5 ,  0.9 ,  1.4 ,  1.8 ,  0.9 ,  1.1 
TEC-AC-10001767,  3.1 ,  4.7 ,  7.0 ,  2.8 ,  3.7 ,  5.1 
OFF-BI-10002609,  0.6 ,  0.5 ,  0.9 ,  0.7 ,  0.4 ,  0.5 
OFF-PA-10004040,  7.1 ,  5.6 ,  9.8 ,  4.6 ,  4.1 ,  4.6 
TEC-AC-10001552,  5.0 ,  5.0 ,  2.0 ,  3.0 ,  1.0 ,  4.0 
FUR-FU-10004006,  249.6 ,  305.1 ,  144.5 ,  274.6 ,  249.6 ,  343.3 
OFF-BI-10002794,  79.3 ,  132.2 ,  99.1 ,  105.7 ,  113.3 ,  176.2 
TEC-AC-10003499,  38.5 ,  24.1 ,  19.3 ,  22.6 ,  22.6 ,  38.5 
TEC-PH-10002844,"  2,175.8 ","  1,259.7 ","  1,495.9 ","  1,841.1 ","  1,709.6 ","  2,393.4 "
OFF-AR-10000390,  3.0 ,  3.0 ,  2.0 ,  2.8 ,  4.3 ,  3.3 
TEC-AC-10000844,  0.4 ,  0.4 ,  0.3 ,  0.3 ,  0.2 ,  0.4 
FUR-FU-10001934,  2.4 ,  2.4 ,  2.4 ,  4.1 ,  2.3 ,  2.3 
OFF-AR-10000380,  3.0 ,  5.0 ,  4.0 ,  5.0 ,  2.0 ,  1.0 
OFF-BI-10003981,  0.8 ,  1.6 ,  0.6 ,  0.9 ,  0.7 ,  1.1 
OFF-FA-10000621,  102.7 ,  110.0 ,  81.1 ,  110.0 ,  118.5 ,  171.1 
OFF-EN-10002600,  1.2 ,  3.1 ,  2.2 ,  1.7 ,  2.0 ,  1.2 
OFF-PA-10004965,  19.5 ,  9.8 ,  9.8 ,  13.0 ,  27.9 ,  24.4 
OFF-EN-10002504,  60.2 ,  135.5 ,  154.9 ,  77.4 ,  83.4 ,  63.8 
FUR-TA-10001768,  444.8 ,  410.5 ,  313.9 ,  280.9 ,  533.7 ,  593.0 
OFF-BI-10003650,"  1,275.3 ",  935.2 ,"  1,558.7 ",  701.4 ,"  1,079.1 ","  1,275.3 "
FUR-FU-10002157,  581.0 ,  309.9 ,  290.5 ,  244.6 ,  258.2 ,  464.8 
OFF-ST-10000777,  403.4 ,  705.9 ,  352.9 ,  705.9 ,  352.9 ,  564.7 
OFF-EN-10002500,  322.1 ,  187.9 ,  322.1 ,  118.7 ,  225.5 ,  112.8 
TEC-PH-10003875,  162.6 ,  146.3 ,  146.3 ,  97.5 ,  73.2 ,  97.5 
FUR-CH-10004063,"  1,718.9 ","  2,247.8 ","  2,656.5 ","  2,922.1 ","  1,537.9 ","  2,435.1 "
FUR-TA-10004534,  402.1 ,  402.1 ,  351.9 ,  402.1 ,  331.2 ,  281.5 
OFF-BI-10003274,  120.9 ,  167.4 ,  217.6 ,  108.8 ,  272.0 ,  181.3 
OFF-ST-10002974,  0.1 ,  0.2 ,  0.1 ,  0.1 ,  0.1 ,  0.2 
FUR-FU-10003773,  6.3 ,  2.6 ,  3.8 ,  7.1 ,  2.5 ,  3.8 
TEC-PH-10002293,  0.4 ,  0.6 ,  0.6 ,  0.5 ,  0.4 ,  0.6 
OFF-PA-10002377,  7.8 ,  7.3 ,  5.7 ,  12.8 ,  12.8 ,  6.8 
OFF-FA-10002780,  2.8 ,  3.1 ,  4.4 ,  7.6 ,  6.6 ,  4.1 
OFF-PA-10001804,  6.7 ,  4.4 ,  7.4 ,  7.4 ,  7.4 ,  8.2 
OFF-PA-10001736,  2.8 ,  3.1 ,  8.0 ,  2.8 ,  2.8 ,  7.0 
OFF-AR-10001149,"  3,498.1 ","  3,229.0 ","  2,209.3 ","  2,209.3 ","  2,623.6 ","  3,498.1 "
OFF-FA-10002988,  2.0 ,  3.0 ,  2.0 ,  4.0 ,  1.0 ,  3.0 
OFF-BI-10004781,  57.1 ,  71.4 ,  142.8 ,  126.9 ,  57.1 ,  163.1 
OFF-SU-10001218,  0.6 ,  0.5 ,  0.4 ,  0.6 ,  0.6 ,  0.4 
OFF-AR-10000940,  207.6 ,  197.3 ,  281.8 ,  303.5 ,  358.6 ,  281.8 
OFF-EN-10004030,  2.7 ,  1.7 ,  1.5 ,  3.0 ,  4.3 ,  1.8 
OFF-PA-10004327,  4.0 ,  5.0 ,  2.0 ,  1.0 ,  5.0 ,  2.0 
TEC-MA-10000822,  21.7 ,  20.3 ,  16.3 ,  19.1 ,  20.3 ,  21.7 
OFF-ST-10000991,  37.7 ,  28.3 ,  56.5 ,  45.2 ,  26.6 ,  25.1 
FUR-CH-10004287,  45.9 ,  36.2 ,  62.5 ,  36.2 ,  57.3 ,  68.8 
OFF-AR-10002656,  185.1 ,  218.7 ,  160.4 ,  200.5 ,  120.3 ,  150.4 
OFF-AP-10002518,  55.5 ,  64.8 ,  51.8 ,  45.7 ,  38.9 ,  48.6 
TEC-PH-10003931,  260.2 ,  234.2 ,  275.5 ,  234.2 ,  334.6 ,  669.1 
OFF-PA-10000659,  471.9 ,"  1,348.3 ",  629.2 ,  726.0 ,"  1,179.8 ","  1,179.8 "
OFF-PA-10001144,  0.7 ,  0.5 ,  1.0 ,  0.6 ,  0.6 ,  0.7 
OFF-SU-10002189,  3.7 ,  6.5 ,  3.9 ,  4.2 ,  5.1 ,  4.4 
OFF-AR-10001940,  1.3 ,  2.3 ,  1.1 ,  1.0 ,  1.1 ,  2.6 
OFF-ST-10003455,  15.1 ,  11.9 ,  15.1 ,  11.1 ,  11.1 ,  8.7 
TEC-AC-10004659,  6.5 ,  10.6 ,  6.5 ,  6.9 ,  13.0 ,  5.9 
TEC-PH-10003273,  5.8 ,  8.5 ,  15.7 ,  12.2 ,  10.0 ,  7.3 
TEC-AC-10002345,  0.6 ,  0.3 ,  0.6 ,  0.4 ,  0.4 ,  0.6 
OFF-BI-10001890,  58.8 ,  134.3 ,  47.0 ,  134.3 ,  104.4 ,  72.3 
OFF-PA-10000061,  41.8 ,  83.6 ,  39.0 ,  48.8 ,  30.8 ,  58.5 
OFF-AR-10003514,  9.8 ,  9.8 ,  22.4 ,  15.7 ,  8.7 ,  11.2 
OFF-AR-10004685,  183.8 ,  229.8 ,  204.2 ,  216.2 ,  282.8 ,  193.5 
OFF-AR-10004027,  123.6 ,  117.4 ,  138.1 ,  213.5 ,  138.1 ,  293.5 
OFF-ST-10001414,  177.7 ,  165.9 ,  226.2 ,  191.4 ,  146.4 ,  177.7 
OFF-BI-10000343,  0.8 ,  1.5 ,  0.6 ,  1.5 ,  1.1 ,  1.5 
OFF-PA-10002749,  70.0 ,  124.4 ,  56.0 ,  56.0 ,  160.0 ,  62.2 
OFF-PA-10002666,  67.8 ,  56.5 ,  96.9 ,  96.9 ,  67.8 ,  42.4 
FUR-TA-10004289,  4.8 ,  6.7 ,  6.7 ,  3.4 ,  4.8 ,  3.7 
OFF-AP-10003217,  7.7 ,  6.8 ,  8.3 ,  10.5 ,  6.1 ,  11.6 
TEC-PH-10001700,  0.8 ,  0.7 ,  0.8 ,  0.4 ,  0.3 ,  0.5 
TEC-AC-10001266,  179.7 ,  134.8 ,  215.6 ,  107.8 ,  154.0 ,  165.8 
OFF-LA-10004544,  62.9 ,  62.9 ,  100.6 ,  77.4 ,  50.3 ,  91.5 
FUR-BO-10004695,  6.0 ,  3.2 ,  2.7 ,  5.4 ,  7.7 ,  6.0 
TEC-MA-10000864,  0.1 ,  0.1 ,  0.1 ,  0.1 ,  0.1 ,  0.1 
TEC-AC-10000109,  122.6 ,  136.2 ,  111.5 ,  94.3 ,  64.5 ,  122.6 
TEC-PH-10002563,  109.0 ,  99.9 ,  63.1 ,  60.0 ,  171.3 ,  133.2 
OFF-FA-10000585,  49.0 ,  24.5 ,  44.5 ,  61.3 ,  49.0 ,  49.0 
OFF-PA-10004000,  0.4 ,  0.7 ,  0.3 ,  0.3 ,  0.3 ,  0.3 
FUR-FU-10000087,  1.4 ,  1.3 ,  0.9 ,  0.8 ,  0.9 ,  1.0 
TEC-MA-10001148,  191.1 ,  152.9 ,  278.0 ,  191.1 ,  382.3 ,  191.1 
FUR-TA-10003473,  0.2 ,  0.4 ,  0.2 ,  0.2 ,  0.3 ,  0.2 
FUR-FU-10004017,  0.3 ,  0.3 ,  0.6 ,  0.3 ,  0.3 ,  0.5 
OFF-PA-10003349,  6.6 ,  3.5 ,  8.4 ,  4.2 ,  3.0 ,  5.4 
FUR-FU-10000576,  22.2 ,  14.5 ,  18.1 ,  24.1 ,  19.3 ,  15.2 
FUR-FU-10004351,  73.9 ,  113.7 ,  105.6 ,  82.1 ,  211.1 ,  113.7 
TEC-PH-10000011,  2.6 ,  4.1 ,  4.1 ,  2.3 ,  3.4 ,  1.9 
FUR-TA-10002607,  67.1 ,  126.7 ,  87.7 ,  87.7 ,  142.5 ,  60.0 
FUR-FU-10002505,  83.0 ,  77.5 ,  89.4 ,  129.1 ,  129.1 ,  58.1 
OFF-ST-10002276,  295.6 ,  280.0 ,  532.0 ,  332.5 ,  380.0 ,  483.6 
OFF-PA-10004082,  267.9 ,  148.8 ,  148.8 ,  334.9 ,  178.6 ,  148.8 
OFF-AP-10002945,"  1,370.3 ",  649.1 ,"  1,761.9 ",  685.2 ,"  1,541.6 ","  1,370.3 "
FUR-CH-10002965,"  17,375.7 ","  8,687.8 ","  17,375.7 ","  9,198.9 ","  19,547.6 ","  8,230.6 "
OFF-PA-10004569,  4.3 ,  3.1 ,  4.0 ,  5.2 ,  5.8 ,  2.7 
OFF-ST-10001228,  24.9 ,  18.7 ,  20.4 ,  28.0 ,  11.8 ,  28.0 
OFF-EN-10003296,"  6,185.6 ","  10,996.6 ","  14,138.4 ","  10,996.6 ","  10,996.6 ","  14,138.4 "
OFF-ST-10004804,"  41,246.2 ","  19,726.4 ","  34,900.6 ","  26,688.7 ","  41,246.2 ","  50,412.0 "
TEC-PH-10001580,  846.5 ,"  1,034.6 ",  665.1 ,  716.2 ,"  1,163.9 ",  716.2 
TEC-AC-10000290,"  1,354.1 ","  1,354.1 ","  1,579.8 ",  997.7 ,"  1,723.4 ","  1,723.4 "
OFF-ST-10002790,"  2,145.2 ","  6,129.1 ","  3,064.6 ","  5,363.0 ","  2,383.6 ","  3,575.3 "
OFF-BI-10003460,"  12,510.5 ","  8,559.8 ","  20,329.6 ","  18,070.8 ","  12,510.5 ","  23,233.9 "
OFF-AP-10002203,  17.0 ,  19.8 ,  19.8 ,  23.8 ,  19.8 ,  11.9 
TEC-MA-10003353,"  2,043.4 ","  1,404.8 ","  1,123.9 ","  1,404.8 ","  2,043.4 ","  1,322.2 "
TEC-PH-10001433,  1.4 ,  1.1 ,  1.3 ,  0.8 ,  1.1 ,  0.8 
TEC-AC-10004469,  372.1 ,  372.1 ,  286.2 ,  372.1 ,  413.4 ,  372.1 
OFF-AR-10003602,  268.1 ,  387.2 ,  193.6 ,  316.8 ,  205.0 ,  217.8 
OFF-FA-10003472,  160.3 ,  137.4 ,  274.7 ,  192.3 ,  192.3 ,  120.2 
OFF-ST-10004180,  766.2 ,"  1,819.8 ","  1,819.8 ","  1,455.8 ","  1,119.8 ",  970.5 
OFF-EN-10004386,  23.7 ,  22.6 ,  25.1 ,  23.7 ,  22.6 ,  30.1 
TEC-AC-10003628,"  1,302.7 ",  617.1 ,  617.1 ,  901.8 ,  977.0 ,"  1,065.8 "
FUR-FU-10003274,  447.0 ,  447.0 ,  178.8 ,  223.5 ,  447.0 ,  325.1 
OFF-BI-10002557,  240.8 ,  313.1 ,  347.9 ,  223.6 ,  208.7 ,  195.7 
OFF-PA-10002615,  0.1 ,  0.1 ,  0.1 ,  0.1 ,  0.1 ,  0.1 
OFF-AR-10001427,  65.8 ,  94.0 ,  59.8 ,  36.6 ,  59.8 ,  41.1 
OFF-PA-10000673,  25.2 ,  56.8 ,  23.9 ,  41.3 ,  56.8 ,  64.9 
OFF-PA-10004470,  233.4 ,  148.5 ,  204.3 ,  102.1 ,  233.4 ,  181.6 
OFF-ST-10000876,  307.9 ,  369.5 ,  263.9 ,  369.5 ,  410.6 ,  335.9 
OFF-BI-10004967,  9.6 ,  9.6 ,  5.5 ,  7.0 ,  4.3 ,  5.5 
TEC-PH-10001760,  23.6 ,  47.1 ,  23.6 ,  24.8 ,  67.3 ,  27.7 
FUR-TA-10002903,  241.7 ,  152.6 ,  161.1 ,  290.0 ,  170.6 ,  152.6 
TEC-AC-10001956,  129.4 ,  314.1 ,  169.2 ,  146.6 ,  199.9 ,  244.3 
OFF-PA-10004100,  47.1 ,  49.5 ,  47.1 ,  67.2 ,  67.2 ,  58.8 
OFF-BI-10000778,  53.8 ,  65.4 ,  57.2 ,  114.4 ,  91.5 ,  53.8 
OFF-BI-10004593,  18.8 ,  14.1 ,  25.1 ,  12.6 ,  13.3 ,  11.3 
OFF-FA-10004854,  120.7 ,  139.3 ,  120.7 ,  150.9 ,  150.9 ,  164.6 
FUR-TA-10002533,"  2,323.8 ",  929.5 ,  929.5 ,"  1,549.2 ",  978.4 ,"  1,549.2 "
FUR-FU-10002671,"  2,805.1 ","  2,618.1 ","  1,963.6 ","  4,909.0 ","  3,570.2 ","  3,020.9 "
OFF-AR-10003651,"  2,902.2 ","  4,975.1 ","  3,482.6 ","  2,487.6 ","  3,869.6 ","  4,975.1 "
OFF-BI-10001072,"  1,936.8 ","  2,453.3 ","  3,066.6 ","  4,599.9 ","  1,936.8 ","  2,044.4 "
OFF-AR-10002135,  555.1 ,  444.1 ,  391.8 ,  370.1 ,  832.6 ,  605.5 
OFF-AR-10002804,  134.7 ,  299.2 ,  168.3 ,  224.4 ,  269.3 ,  269.3 
FUR-FU-10001918,  409.5 ,  744.5 ,  682.4 ,  584.9 ,  744.5 ,  584.9 
FUR-CH-10004086,  723.7 ,  796.1 ,  568.6 ,  442.3 ,  530.7 ,  398.1 
FUR-FU-10001756,  0.9 ,  1.0 ,  1.4 ,  1.6 ,  1.3 ,  1.0 
OFF-LA-10000634,  0.8 ,  1.0 ,  0.8 ,  1.0 ,  0.8 ,  1.9 
FUR-FU-10001588,"  4,449.0 ","  2,395.6 ","  1,557.2 ","  3,460.3 ","  1,557.2 ","  1,831.9 "
TEC-PH-10002398,  251.0 ,  289.6 ,  376.5 ,  221.5 ,  342.3 ,  289.6 
OFF-PA-10001937,  11.9 ,  23.7 ,  11.9 ,  29.6 ,  12.5 ,  29.6 
OFF-AR-10003373,  45.4 ,  39.3 ,  49.2 ,  73.8 ,  65.6 ,  53.6 
FUR-CH-10002602,  608.9 ,  608.9 ,  507.4 ,  913.4 ,  761.2 ,  507.4 
TEC-MA-10002927,  48.9 ,  108.6 ,  57.5 ,  122.1 ,  97.7 ,  51.4 
TEC-AC-10000892,  5.9 ,  7.5 ,  4.2 ,  8.3 ,  9.2 ,  8.3 
OFF-FA-10000624,  535.6 ,  459.1 ,  401.7 ,  584.3 ,  642.7 ,  401.7 
TEC-PH-10003645,  2.8 ,  3.9 ,  2.8 ,  4.2 ,  5.4 ,  2.7 
OFF-ST-10000675,  13.3 ,  14.2 ,  18.1 ,  12.4 ,  28.4 ,  11.7 
FUR-CH-10003312,  24.1 ,  43.7 ,  24.1 ,  60.1 ,  40.1 ,  32.1 
OFF-LA-10001074,  5.3 ,  3.1 ,  3.7 ,  1.9 ,  1.9 ,  3.1 
OFF-BI-10001524,  38.3 ,  76.6 ,  30.7 ,  34.1 ,  38.3 ,  87.6 
OFF-BI-10001153,  6.6 ,  2.4 ,  2.6 ,  2.9 ,  3.3 ,  3.1 
OFF-BI-10001982,  29.5 ,  33.7 ,  47.2 ,  23.6 ,  47.2 ,  24.8 
OFF-BI-10001922,  17.0 ,  12.5 ,  14.9 ,  18.3 ,  17.0 ,  12.5 
TEC-CO-10001449,  18.3 ,  15.1 ,  18.3 ,  13.5 ,  15.1 ,  32.0 
OFF-BI-10004140,  59.7 ,  43.8 ,  43.8 ,  36.5 ,  41.1 ,  93.9 
OFF-FA-10000490,  11.0 ,  15.9 ,  7.2 ,  10.2 ,  13.0 ,  14.3 
OFF-AR-10000122,  15.9 ,  25.3 ,  18.9 ,  21.6 ,  20.2 ,  16.8 
TEC-PH-10000702,  10.9 ,  10.3 ,  10.9 ,  23.1 ,  18.5 ,  14.2 
OFF-BI-10002160,  38.2 ,  22.5 ,  27.3 ,  20.1 ,  22.5 ,  54.6 
OFF-BI-10004995,  28.8 ,  15.2 ,  32.0 ,  15.2 ,  16.9 ,  14.4 
FUR-BO-10002268,  4.1 ,  6.4 ,  4.3 ,  7.7 ,  8.6 ,  7.7 
OFF-EN-10001137,  19.6 ,  22.3 ,  33.4 ,  27.8 ,  37.1 ,  33.4 
OFF-AR-10002399,  0.1 ,  0.2 ,  0.2 ,  0.3 ,  0.2 ,  0.1 
OFF-PA-10002713,  1.5 ,  1.0 ,  0.6 ,  0.8 ,  1.0 ,  1.1 
OFF-LA-10001158,  0.9 ,  2.1 ,  0.9 ,  1.2 ,  1.4 ,  1.1 
FUR-CH-10000785,  37.2 ,  69.1 ,  69.1 ,  28.5 ,  48.4 ,  25.5 
OFF-AR-10003732,  26.7 ,  31.4 ,  33.4 ,  59.3 ,  48.5 ,  66.8 
FUR-FU-10000023,  18.8 ,  15.3 ,  15.3 ,  24.5 ,  22.3 ,  15.3 
OFF-BI-10002412,  17.7 ,  26.5 ,  39.8 ,  22.7 ,  24.5 ,  18.7 
OFF-SU-10001225,  402.1 ,  216.5 ,  234.6 ,  216.5 ,  402.1 ,  216.5 
OFF-ST-10002406,  363.9 ,  385.4 ,  363.9 ,  818.9 ,  503.9 ,  436.7 
OFF-PA-10002036,  334.7 ,  517.3 ,  437.7 ,  299.5 ,  517.3 ,  299.5 
OFF-ST-10002205,"  13,867.3 ","  14,683.0 ","  19,200.8 ","  31,201.4 ","  14,683.0 ","  13,867.3 "
OFF-BI-10000050,  317.3 ,  634.6 ,  564.1 ,  338.5 ,  634.6 ,  564.1 
TEC-PH-10003012,  206.2 ,  279.8 ,  435.2 ,  244.8 ,  244.8 ,  326.4 
TEC-CO-10002313,  150.6 ,  365.7 ,  128.0 ,  182.9 ,  232.7 ,  142.2 
OFF-BI-10003982,  201.9 ,  131.3 ,  175.0 ,  291.7 ,  145.8 ,  131.3 
OFF-BI-10004492,  196.9 ,  270.8 ,  240.7 ,  166.6 ,  154.7 ,  166.6 
OFF-ST-10000798,  39.2 ,  57.0 ,  36.9 ,  36.9 ,  57.0 ,  41.8 
OFF-PA-10002552,  226.4 ,  226.4 ,  226.4 ,  194.1 ,  226.4 ,  169.8 
OFF-SU-10002573,"  1,011.5 ","  1,011.5 ","  1,011.5 ","  1,103.5 ",  674.3 ,  809.2 
OFF-ST-10000934,  44.1 ,  51.5 ,  36.4 ,  30.9 ,  30.9 ,  61.8 
OFF-PA-10001947,  310.8 ,  310.8 ,  248.6 ,  248.6 ,  276.2 ,  177.6 
OFF-AP-10004249,  2.4 ,  6.7 ,  5.9 ,  5.2 ,  2.8 ,  4.7 
TEC-CO-10004115,  11.0 ,  11.0 ,  17.9 ,  11.0 ,  7.2 ,  9.5 
OFF-PA-10003724,  8.2 ,  10.6 ,  5.7 ,  5.3 ,  8.2 ,  10.6 
FUR-TA-10002041,  0.8 ,  0.8 ,  0.9 ,  0.9 ,  0.8 ,  0.5 
OFF-PA-10002893,  3.4 ,  1.7 ,  2.8 ,  4.9 ,  1.8 ,  2.4 
OFF-LA-10003766,  0.2 ,  0.3 ,  0.4 ,  0.4 ,  0.3 ,  0.2 
FUR-BO-10001972,  0.4 ,  0.5 ,  0.4 ,  0.5 ,  0.3 ,  0.6 
FUR-CH-10003956,  66.6 ,  37.0 ,  39.2 ,  60.5 ,  37.0 ,  60.5 
OFF-AR-10004344,  20.3 ,  20.3 ,  21.5 ,  20.3 ,  20.3 ,  33.2 
FUR-CH-10004886,  235.9 ,  377.4 ,  343.1 ,  269.6 ,  209.7 ,  377.4 
OFF-PA-10003845,  4.6 ,  3.4 ,  4.2 ,  6.9 ,  4.2 ,  3.9 
OFF-AR-10001573,  20.8 ,  26.7 ,  28.8 ,  31.2 ,  24.9 ,  24.9 
OFF-EN-10000483,  96.5 ,  86.3 ,  149.1 ,  86.3 ,  136.7 ,  182.2 
TEC-AC-10004114,  16.7 ,  16.7 ,  6.9 ,  14.6 ,  10.6 ,  10.6 
FUR-FU-10004712,  12.7 ,  10.8 ,  9.3 ,  7.4 ,  10.8 ,  7.4 
OFF-ST-10000918,  118.7 ,  222.5 ,  104.7 ,  254.3 ,  148.3 ,  111.3 
FUR-CH-10000015,  44.4 ,  33.9 ,  30.4 ,  41.2 ,  33.9 ,  64.1 
FUR-FU-10003347,  44.6 ,  32.8 ,  78.0 ,  34.7 ,  69.3 ,  78.0 
OFF-BI-10001543,  0.1 ,  0.1 ,  0.1 ,  0.1 ,  0.1 ,  0.1 
TEC-MA-10000029,  29.6 ,  14.8 ,  18.8 ,  15.9 ,  25.9 ,  12.9 
OFF-AR-10000369,  8.5 ,  12.1 ,  6.1 ,  4.5 ,  4.7 ,  4.7 
OFF-BI-10004584,  24.6 ,  44.3 ,  26.1 ,  63.3 ,  63.3 ,  29.5 
OFF-BI-10000773,  22.9 ,  25.2 ,  25.2 ,  31.5 ,  19.4 ,  16.8 
TEC-AC-10002600,  19.4 ,  36.0 ,  36.0 ,  18.0 ,  16.8 ,  12.6 
TEC-MA-10002937,  19.9 ,  17.0 ,  30.8 ,  22.6 ,  26.1 ,  24.2 
OFF-PA-10002230,  39.8 ,  63.6 ,  48.9 ,  45.4 ,  57.8 ,  37.4 
FUR-CH-10003396,  53.2 ,  96.7 ,  118.2 ,  96.7 ,  53.2 ,  59.1 
FUR-FU-10000246,  38.4 ,  31.6 ,  41.4 ,  29.9 ,  29.9 ,  33.6 
FUR-CH-10002372,  20.4 ,  8.2 ,  18.1 ,  10.2 ,  20.4 ,  14.8 
OFF-LA-10001317,  18.1 ,  13.4 ,  14.1 ,  23.1 ,  36.3 ,  23.1 
FUR-FU-10000206,  11.8 ,  10.3 ,  12.7 ,  16.5 ,  9.2 ,  10.3 
OFF-ST-10001469,"  1,368.4 ",  804.9 ,  720.2 ,  804.9 ,  804.9 ,"  1,244.0 "
OFF-AR-10001953,"  2,333.9 ","  2,970.5 ","  4,667.9 ","  2,178.3 ","  4,084.4 ","  1,633.8 "
OFF-AR-10003156,  247.4 ,  353.4 ,  190.3 ,  137.4 ,  154.6 ,  176.7 
OFF-AR-10004974,  254.3 ,  234.8 ,  254.3 ,  203.5 ,  160.6 ,  160.6 
TEC-PH-10002365,"  2,047.5 ","  3,867.6 ","  3,867.6 ","  1,832.0 ","  3,164.4 ","  1,832.0 "
OFF-ST-10000142,  259.5 ,  229.0 ,  259.5 ,  389.3 ,  216.3 ,  324.4 
TEC-AC-10001772,  363.6 ,  779.1 ,  681.8 ,  495.8 ,  287.1 ,  340.9 
FUR-CH-10000225,  57.9 ,  61.3 ,  54.8 ,  115.8 ,  57.9 ,  104.2 
FUR-CH-10002331,  864.3 ,  403.3 ,  355.9 ,  355.9 ,  864.3 ,  864.3 
OFF-EN-10001415,"  1,018.3 ",  678.8 ,  543.1 ,"  1,163.7 ",  905.1 ,  452.6 
OFF-AP-10002472,"  2,463.3 ","  1,108.5 ","  1,385.6 ","  2,217.0 ","  1,108.5 ","  1,108.5 "
TEC-AC-10004571,  210.8 ,  527.0 ,  383.3 ,  263.5 ,  421.6 ,  210.8 
OFF-BI-10001098,  937.6 ,  875.1 ,"  1,875.1 ",  820.4 ,  729.2 ,  656.3 
FUR-TA-10001889,  554.9 ,  832.4 ,  512.2 ,  350.5 ,  832.4 ,  333.0 
OFF-BI-10000315,"  4,232.6 ","  1,481.4 ","  2,469.0 ","  2,962.8 ","  2,116.3 ","  2,116.3 "
OFF-SU-10003505,  860.5 ,  905.8 ,"  1,229.3 ","  1,147.3 ",  860.5 ,"  1,229.3 "
OFF-AP-10002578,  341.5 ,  360.5 ,  324.5 ,  721.0 ,  381.7 ,  540.8 
FUR-BO-10002824,  742.1 ,  390.6 ,  824.6 ,  674.6 ,  371.1 ,  618.4 
TEC-PH-10000149,  205.2 ,  556.9 ,  194.9 ,  205.2 ,  433.1 ,  205.2 
TEC-PH-10001363,  357.8 ,  255.6 ,  188.3 ,  447.3 ,  447.3 ,  188.3 
TEC-AC-10000303,  0.6 ,  1.4 ,  0.7 ,  0.6 ,  0.5 ,  0.8 
OFF-ST-10001809,  50.6 ,  43.1 ,  78.3 ,  47.8 ,  71.8 ,  47.8 
OFF-EN-10003845,  50.3 ,  107.7 ,  107.7 ,  53.9 ,  83.8 ,  75.4 
TEC-AC-10000991,  31.1 ,  38.9 ,  51.8 ,  69.1 ,  47.8 ,  36.6 
FUR-TA-10001857,  44.4 ,  44.4 ,  27.8 ,  40.4 ,  34.2 ,  22.2 
OFF-EN-10001434,  43.6 ,  17.5 ,  23.3 ,  34.9 ,  19.4 ,  23.3 
OFF-BI-10002498,  12.8 ,  11.1 ,  8.7 ,  11.9 ,  10.4 ,  15.1 
FUR-FU-10000073,  6.8 ,  14.4 ,  12.8 ,  6.1 ,  8.2 ,  6.8 
OFF-BI-10001670,  21.5 ,  18.3 ,  36.6 ,  45.8 ,  40.7 ,  40.7 
OFF-BI-10001658,  13.3 ,  12.5 ,  16.7 ,  12.5 ,  12.5 ,  14.3 
FUR-CH-10001215,  10.2 ,  8.2 ,  8.6 ,  18.1 ,  8.2 ,  12.5 
OFF-BI-10000831,  12.7 ,  27.1 ,  12.7 ,  11.9 ,  12.7 ,  11.2 
OFF-AR-10003856,"  1,033.1 ","  1,463.5 ","  1,097.6 ","  1,254.4 ",  878.1 ,"  1,756.2 "
OFF-BI-10003527,"  1,478.7 ","  2,112.4 ","  2,112.4 ","  1,971.6 ","  2,957.4 ","  3,286.0 "
FUR-FU-10001290,"  1,257.4 ","  3,413.0 ","  1,493.2 ","  1,592.7 ","  1,257.4 ","  2,986.4 "
TEC-AC-10002399,"  1,186.5 ","  2,203.6 ","  1,713.9 ","  1,928.1 ","  1,028.3 ","  1,285.4 "
OFF-AR-10003811,  0.1 ,  0.1 ,  0.1 ,  0.1 ,  0.1 ,  0.1 
OFF-AR-10001246,  267.5 ,  183.1 ,  231.9 ,  386.4 ,  217.4 ,  496.9 
TEC-CO-10003236,  0.4 ,  0.2 ,  0.3 ,  0.2 ,  0.3 ,  0.3 
OFF-ST-10004507,  62.9 ,  75.5 ,  59.6 ,  113.2 ,  102.9 ,  59.6 
OFF-ST-10004963,  154.7 ,  154.7 ,  67.7 ,  67.7 ,  60.2 ,  90.3 
OFF-SU-10002881,  14.3 ,  10.1 ,  21.5 ,  24.6 ,  8.6 ,  8.6 
OFF-EN-10001335,  639.7 ,  355.4 ,  492.1 ,  913.9 ,  399.8 ,  533.1 
FUR-CH-10000595,  55.2 ,  55.2 ,  36.8 ,  46.0 ,  27.6 ,  36.8 
FUR-FU-10000448,  94.0 ,  130.2 ,  112.8 ,  188.0 ,  130.2 ,  153.8 
TEC-PH-10000984,  239.0 ,  307.3 ,  126.5 ,  215.1 ,  113.2 ,  215.1 
OFF-ST-10001325,"  1,055.0 ","  1,978.1 ",  930.9 ,  930.9 ,  879.2 ,  879.2 
OFF-BI-10002429,  785.0 ,  483.1 ,  483.1 ,  570.9 ,  392.5 ,  448.6 
OFF-AP-10001271,"  1,143.5 ","  1,143.5 ","  1,295.9 ","  2,777.0 ","  2,159.9 ","  1,079.9 "
FUR-CH-10002647,"  4,730.8 ","  4,435.1 ","  7,096.2 ","  4,435.1 ","  3,548.1 ","  4,435.1 "
TEC-AC-10001432,"  1,800.7 ","  2,000.8 ","  1,385.2 ","  1,385.2 ","  1,500.6 ","  1,800.7 "
TEC-PH-10002262,"  1,229.1 ",  702.4 ,  893.9 ,  819.4 ,  546.3 ,"  1,092.6 "
TEC-AC-10001465,  803.0 ,  494.2 ,  584.0 ,  917.7 ,  713.8 ,  428.3 
TEC-PH-10002597,  549.4 ,"  1,037.8 ",  849.1 ,  491.6 ,  622.7 ,  718.5 
FUR-FU-10000723,"  1,238.8 ","  1,342.1 ","  1,464.1 ","  1,464.1 ","  1,789.4 ","  2,300.7 "
OFF-BI-10000404,"  1,521.5 ","  1,521.5 ","  2,282.3 ","  2,282.3 ","  1,901.9 ","  1,201.2 "
OFF-PA-10002986,  410.2 ,"  1,113.4 ",  599.5 ,  410.2 ,  866.0 ,  649.5 
OFF-SU-10001935,  654.5 ,  490.9 ,  981.7 ,"  1,227.1 ",  545.4 ,  613.6 
FUR-CH-10002024,"  1,244.9 ",  912.9 ,"  1,053.4 ",  912.9 ,"  1,956.3 ",  855.9 
FUR-FU-10003039,  14.6 ,  9.7 ,  12.5 ,  21.9 ,  11.7 ,  21.9 
OFF-FA-10004248,"  2,119.9 ","  1,968.5 ","  1,378.0 ","  1,450.5 ","  3,444.9 ","  1,621.1 "
OFF-ST-10001780,"  3,215.6 ","  8,728.1 ","  3,818.6 ","  5,554.3 ","  6,109.7 ","  3,593.9 "
OFF-AR-10003560,  962.7 ,"  1,059.0 ","  1,323.8 ","  1,176.7 ","  1,176.7 ","  1,059.0 "
OFF-LA-10001297,"  2,718.8 ","  1,860.3 ","  2,356.3 ","  2,356.3 ","  5,049.3 ","  3,213.2 "
FUR-TA-10004256,"  2,770.9 ","  1,020.8 ","  1,212.3 ","  1,140.9 ","  1,492.0 ","  1,939.6 "
OFF-PA-10003441,  992.4 ,"  1,764.2 ","  1,443.5 ","  1,443.5 ","  1,984.8 ",  793.9 
OFF-BI-10000069,  403.6 ,  235.4 ,  166.2 ,  353.1 ,  201.8 ,  141.3 
OFF-AP-10003914,"  1,578.7 ","  2,152.8 ","  1,480.1 ","  2,631.2 ","  1,393.0 ","  1,480.1 "
FUR-FU-10004020,"  1,597.8 ",  751.9 ,  913.0 ,"  1,420.2 ","  1,278.2 ","  1,278.2 "
OFF-FA-10003467,"  1,855.1 ","  1,159.4 ","  1,545.9 ","  1,545.9 ","  1,325.1 ","  1,855.1 "
OFF-BI-10000848,  375.0 ,  241.1 ,  187.5 ,  259.6 ,  225.0 ,  421.9 
TEC-PH-10003092,"  1,283.9 ","  2,751.3 ","  1,925.9 ","  2,751.3 ","  2,407.4 ","  1,481.5 "
OFF-LA-10004345,"  1,789.7 ","  1,431.8 ","  2,386.3 ","  2,386.3 ","  3,579.4 ","  2,603.2 "
OFF-PA-10001204,  245.0 ,  122.5 ,  175.0 ,  122.5 ,  163.3 ,  153.1 
TEC-PH-10004667,  0.4 ,  0.6 ,  0.9 ,  0.8 ,  0.4 ,  0.4 
OFF-BI-10002949,  1.9 ,  1.3 ,  0.7 ,  0.7 ,  1.9 ,  0.8 
FUR-FU-10003849,  967.2 ,  744.0 ,"  1,209.0 ",  509.1 ,"  1,209.0 ","  1,074.7 "
FUR-FU-10000010,  400.6 ,  655.5 ,  801.2 ,  655.5 ,  801.2 ,  450.7 
OFF-BI-10002824,"  2,160.3 ",  909.6 ,"  1,016.6 ","  2,468.9 ","  1,234.4 ","  1,016.6 "
TEC-PH-10002538,  438.8 ,  506.3 ,  438.8 ,  506.3 ,  387.2 ,  506.3 
OFF-BI-10002103,  743.1 ,  273.8 ,  371.6 ,  650.3 ,  273.8 ,  289.0 
FUR-CH-10004853,  174.9 ,  145.8 ,  102.9 ,  92.1 ,  87.5 ,  218.6 
OFF-AP-10000179,  396.1 ,  693.1 ,  308.1 ,  504.1 ,  693.1 ,  462.1 
OFF-ST-10001272,  137.8 ,  137.8 ,  354.4 ,  225.5 ,  190.8 ,  145.9 
FUR-FU-10000221,"  2,183.4 ","  1,679.5 ","  1,364.6 ","  1,819.5 ","  1,819.5 ","  1,149.2 "
OFF-AP-10001563,  740.6 ,  833.1 ,  701.6 ,  701.6 ,  701.6 ,"  1,110.8 "
OFF-BI-10000605,  283.2 ,  333.1 ,  314.6 ,  314.6 ,  404.5 ,  283.2 
OFF-ST-10001963,"  1,499.5 ",  666.4 ,"  1,332.9 ",  922.8 ,  856.9 ,  999.7 
TEC-AC-10001267,  208.9 ,  250.7 ,  313.3 ,  289.2 ,  470.0 ,  417.8 
TEC-PH-10002103,  225.7 ,  225.7 ,  265.5 ,  410.3 ,  322.4 ,  225.7 
TEC-AC-10002857,  150.9 ,  160.9 ,  301.8 ,  172.4 ,  160.9 ,  150.9 
FUR-CH-10001482,  2.3 ,  2.1 ,  2.8 ,  2.5 ,  3.6 ,  1.3 
OFF-BI-10001989,  149.0 ,  168.9 ,  194.8 ,  168.9 ,  211.1 ,  316.6 
OFF-AP-10003287,  138.0 ,  197.1 ,  172.5 ,  276.0 ,  153.3 ,  138.0 
OFF-BI-10004728,  121.6 ,  162.1 ,  216.1 ,  129.7 ,  114.4 ,  162.1 
FUR-FU-10000732,  77.7 ,  81.7 ,  86.3 ,  103.5 ,  194.1 ,  103.5 
OFF-ST-10000585,  186.8 ,  145.3 ,  261.5 ,  137.6 ,  153.8 ,  373.6 
OFF-LA-10002787,  240.5 ,  427.6 ,  481.0 ,  256.5 ,  349.8 ,  481.0 
OFF-PA-10001934,  263.0 ,  157.8 ,  295.9 ,  169.1 ,  147.9 ,  124.6 
OFF-AP-10002457,  62.9 ,  62.9 ,  125.8 ,  74.0 ,  89.9 ,  69.9 
OFF-FA-10003112,  121.0 ,  93.1 ,  93.1 ,  93.1 ,  63.7 ,  67.2 
OFF-AP-10002350,  49.2 ,  61.5 ,  61.5 ,  30.8 ,  27.3 ,  49.2 
TEC-AC-10001142,  104.1 ,  133.8 ,  104.1 ,  156.1 ,  187.3 ,  104.1 
TEC-AC-10001101,  56.0 ,  80.0 ,  70.0 ,  62.2 ,  40.0 ,  43.1 
OFF-AP-10002439,  90.9 ,  48.1 ,  43.1 ,  102.3 ,  48.1 ,  54.5 
OFF-BI-10002827,  0.6 ,  0.6 ,  0.8 ,  0.6 ,  1.6 ,  1.6 
OFF-EN-10002230,  1.3 ,  0.5 ,  0.9 ,  0.5 ,  0.8 ,  1.3 
OFF-ST-10001511,  106.1 ,  106.1 ,  159.1 ,  190.9 ,  190.9 ,  136.4 
OFF-SU-10004231,  23.7 ,  25.1 ,  28.2 ,  45.1 ,  56.4 ,  30.1 
TEC-PH-10004042,"  1,639.6 ",  637.6 ,  717.3 ,"  1,043.4 ",  882.8 ,  765.1 
FUR-FU-10002759,  11.6 ,  6.2 ,  4.5 ,  5.1 ,  5.1 ,  5.1 
FUR-TA-10000688,  0.3 ,  0.4 ,  0.3 ,  0.3 ,  0.4 ,  0.3 
OFF-AR-10001954,  0.5 ,  0.7 ,  0.6 ,  0.4 ,  0.5 ,  0.7 
OFF-PA-10002137,  0.6 ,  1.3 ,  0.9 ,  0.6 ,  0.5 ,  1.3 
OFF-AP-10000804,  0.5 ,  0.8 ,  0.5 ,  0.5 ,  0.8 ,  0.3 
TEC-AC-10003614,  2.0 ,  2.2 ,  2.9 ,  2.9 ,  1.4 ,  2.0 
FUR-FU-10003553,  0.9 ,  0.6 ,  0.8 ,  0.9 ,  0.6 ,  0.5 
OFF-BI-10004632,  0.1 ,  0.1 ,  0.1 ,  0.2 ,  0.2 ,  0.1 
OFF-BI-10003305,  0.4 ,  0.3 ,  0.2 ,  0.3 ,  0.2 ,  0.2 
OFF-ST-10002583,  12.7 ,  11.4 ,  11.4 ,  16.3 ,  10.4 ,  10.4 
TEC-MA-10004125,  0.6 ,  0.4 ,  0.5 ,  0.8 ,  0.3 ,  0.9 
OFF-LA-10001934,  8.5 ,  4.9 ,  8.5 ,  5.9 ,  4.7 ,  13.4 
FUR-BO-10004015,  0.3 ,  0.2 ,  0.2 ,  0.2 ,  0.2 ,  0.3 
FUR-FU-10004071,  0.4 ,  0.4 ,  0.4 ,  0.5 ,  0.4 ,  0.5 
TEC-AC-10002253,  8.4 ,  9.7 ,  12.6 ,  12.6 ,  11.5 ,  10.5 
OFF-PA-10000743,  26.3 ,  13.1 ,  23.0 ,  10.2 ,  12.3 ,  18.4 
OFF-LA-10002312,  41.0 ,  28.4 ,  36.9 ,  26.4 ,  24.6 ,  23.1 
OFF-LA-10003510,  11.0 ,  11.9 ,  7.9 ,  7.5 ,  8.4 ,  10.2 
OFF-AR-10001118,  3.7 ,  5.8 ,  6.4 ,  6.4 ,  4.4 ,  5.4 
OFF-BI-10001575,  12.1 ,  21.9 ,  16.1 ,  20.1 ,  18.5 ,  15.1 
FUR-FU-10003394,  12.5 ,  9.2 ,  17.5 ,  12.5 ,  10.3 ,  17.5 
FUR-TA-10002774,  11.1 ,  8.1 ,  12.2 ,  11.1 ,  9.4 ,  9.4 
OFF-PA-10001800,  42.4 ,  29.7 ,  22.8 ,  16.5 ,  27.0 ,  17.5 
OFF-AP-10001469,  29.6 ,  29.6 ,  32.6 ,  16.3 ,  27.2 ,  21.7 
FUR-BO-10003272,  14.7 ,  17.2 ,  12.9 ,  12.1 ,  10.3 ,  10.3 
OFF-EN-10001219,  10.7 ,  11.3 ,  11.3 ,  27.4 ,  12.0 ,  27.4 
OFF-AP-10001154,  25.4 ,  16.9 ,  25.4 ,  15.6 ,  22.6 ,  11.9 
TEC-AC-10001606,  28.4 ,  17.5 ,  13.4 ,  11.4 ,  17.5 ,  20.6 
OFF-BI-10003355,  23.9 ,  30.7 ,  11.3 ,  14.3 ,  21.5 ,  16.5 
FUR-FU-10002253,  16.5 ,  25.3 ,  21.9 ,  36.6 ,  17.3 ,  17.3 
OFF-PA-10004092,  24.7 ,  26.5 ,  53.0 ,  21.8 ,  33.7 ,  41.2 
FUR-TA-10000198,  22.5 ,  22.5 ,  22.5 ,  19.5 ,  41.9 ,  18.3 
OFF-ST-10000036,  9.0 ,  5.2 ,  7.1 ,  5.2 ,  6.2 ,  12.4 
FUR-FU-10000222,  10.6 ,  19.1 ,  15.9 ,  15.9 ,  15.9 ,  10.6 
OFF-SU-10004664,  12.7 ,  20.1 ,  16.1 ,  24.1 ,  21.9 ,  16.1 
OFF-EN-10001141,  6.6 ,  9.5 ,  6.6 ,  10.5 ,  5.8 ,  13.1 
TEC-PH-10002170,  6.9 ,  5.2 ,  3.9 ,  5.6 ,  3.6 ,  3.4 
OFF-PA-10001954,  26.1 ,  14.4 ,  31.9 ,  20.5 ,  26.1 ,  19.1 
FUR-TA-10002228,  500.2 ,  447.5 ,  531.4 ,  773.0 ,  425.2 ,  708.6 
OFF-ST-10004634,  609.2 ,  418.8 ,  957.3 ,  446.7 ,  372.3 ,  957.3 
TEC-AC-10003610,  256.5 ,  304.6 ,  243.7 ,  270.8 ,  270.8 ,  374.9 
FUR-BO-10001619,"  1,160.6 ",  797.9 ,"  1,823.9 ",  911.9 ,  797.9 ,"  1,160.6 "
OFF-BI-10000138,  284.0 ,  355.0 ,  811.4 ,  631.1 ,  355.0 ,  516.4 
TEC-AC-10001383,  234.0 ,  374.4 ,  312.0 ,  534.9 ,  187.2 ,  312.0 
OFF-LA-10003223,  642.4 ,  826.0 ,  525.6 ,  321.2 ,  578.2 ,  642.4 
OFF-BI-10004094,  377.7 ,  404.6 ,  377.7 ,  435.8 ,  377.7 ,  515.0 
OFF-PA-10004971,  348.8 ,  426.3 ,  319.8 ,  274.1 ,  479.6 ,  213.2 
OFF-SU-10004261,  46.7 ,  32.7 ,  38.5 ,  72.7 ,  72.7 ,  34.4 
TEC-PH-10000004,  247.6 ,  247.6 ,  247.6 ,  280.7 ,  601.4 ,  382.7 
OFF-BI-10003638,  542.4 ,  482.1 ,  542.4 ,  361.6 ,  309.9 ,  289.3 
FUR-FU-10003577,  163.1 ,  142.7 ,  152.2 ,  285.4 ,  207.5 ,  285.4 
OFF-BI-10000546,  56.4 ,  59.5 ,  63.0 ,  59.5 ,  89.3 ,  119.0 
TEC-CO-10002095,  0.9 ,  1.6 ,  1.1 ,  1.4 ,  1.2 ,  1.1 
FUR-TA-10001095,  38.5 ,  40.9 ,  50.3 ,  38.5 ,  34.4 ,  34.4 
OFF-LA-10004484,  0.5 ,  0.8 ,  0.6 ,  0.6 ,  0.9 ,  1.4 
OFF-ST-10000025,  10.7 ,  12.6 ,  17.8 ,  26.8 ,  26.8 ,  11.3 
FUR-FU-10004306,  10.2 ,  21.9 ,  17.0 ,  12.8 ,  10.2 ,  10.2 
FUR-CH-10003746,  35.4 ,  61.2 ,  51.8 ,  96.1 ,  51.8 ,  48.1 
OFF-BI-10001036,  77.7 ,  122.1 ,  53.4 ,  85.5 ,  61.1 ,  71.3 
OFF-BI-10000301,  13.2 ,  20.4 ,  14.0 ,  18.7 ,  24.9 ,  18.7 
OFF-AR-10003190,  0.1 ,  0.1 ,  0.1 ,  0.1 ,  0.1 ,  0.1 
OFF-AP-10000240,  50.0 ,  40.6 ,  36.1 ,  43.3 ,  32.5 ,  36.1 
TEC-AC-10001838,  53.3 ,  18.7 ,  53.3 ,  21.9 ,  19.6 ,  46.6 
OFF-PA-10003651,  7.3 ,  8.9 ,  4.7 ,  4.2 ,  4.4 ,  6.2 
OFF-BI-10003094,  61.8 ,  167.9 ,  117.5 ,  146.9 ,  130.6 ,  69.1 
FUR-CH-10001394,  322.2 ,  920.6 ,  429.6 ,  358.0 ,  339.2 ,  585.8 
OFF-BI-10004230,  906.6 ,  576.9 ,  334.0 ,  373.3 ,  576.9 ,  334.0 
OFF-PA-10003395,  41.9 ,  32.2 ,  59.9 ,  38.1 ,  26.2 ,  24.6 
TEC-AC-10002402,  132.3 ,  132.3 ,  66.1 ,  92.6 ,  57.9 ,  57.9 
TEC-AC-10003441,  131.2 ,  69.1 ,  100.9 ,  131.2 ,  131.2 ,  65.6 
OFF-SU-10000381,  16.4 ,  8.7 ,  14.8 ,  9.9 ,  14.8 ,  21.1 
OFF-EN-10004459,  16.4 ,  8.6 ,  16.4 ,  12.6 ,  20.5 ,  8.6 
FUR-CH-10000665,  4.9 ,  10.3 ,  11.6 ,  5.8 ,  6.6 ,  6.2 
OFF-AP-10003884,  8.7 ,  5.1 ,  6.1 ,  3.4 ,  4.1 ,  3.2 
TEC-PH-10001557,  12.1 ,  9.1 ,  9.7 ,  12.1 ,  7.6 ,  7.6 
TEC-PH-10002085,  0.5 ,  0.7 ,  0.6 ,  1.4 ,  1.1 ,  1.1 
OFF-AR-10002956,  4.5 ,  3.1 ,  2.5 ,  2.6 ,  2.8 ,  7.1 
TEC-MA-10004002,  13.2 ,  21.5 ,  23.7 ,  21.5 ,  13.9 ,  23.7 
OFF-BI-10001071,  5.7 ,  3.0 ,  2.9 ,  3.2 ,  8.1 ,  4.1 
OFF-PA-10001560,  32.6 ,  12.0 ,  12.7 ,  22.8 ,  16.3 ,  19.0 
OFF-AR-10002578,  12.4 ,  11.7 ,  22.1 ,  11.7 ,  12.4 ,  19.9 
FUR-BO-10001519,  12.0 ,  22.8 ,  28.5 ,  17.5 ,  17.5 ,  16.3 
OFF-BI-10001294,  465.9 ,  186.4 ,  465.9 ,  286.7 ,  232.9 ,  186.4 
OFF-BI-10001636,  120.8 ,  128.8 ,  148.6 ,  113.6 ,  138.0 ,  148.6 
OFF-SU-10002503,  172.0 ,  189.2 ,  126.1 ,  105.1 ,  135.1 ,  270.3 
OFF-LA-10004093,  90.8 ,  97.3 ,  97.3 ,  113.5 ,  97.3 ,  194.6 
FUR-FU-10003878,  93.6 ,  46.8 ,  93.6 ,  40.9 ,  46.8 ,  93.6 
TEC-AC-10000710,  73.3 ,  146.6 ,  83.8 ,  106.6 ,  167.6 ,  65.2 
OFF-AR-10002335,  12.8 ,  14.6 ,  14.6 ,  9.3 ,  5.7 ,  6.8 
OFF-PA-10001870,  77.9 ,  146.0 ,  77.9 ,  73.0 ,  146.0 ,  166.9 
OFF-PA-10001019,  579.6 ,  507.2 ,  737.7 ,  811.5 ,  541.0 ,"  1,159.3 "
OFF-SU-10002537,  677.8 ,  469.2 ,  338.9 ,  677.8 ,  338.9 ,  358.8 
OFF-ST-10003221,  381.7 ,  624.6 ,  687.1 ,  429.4 ,  404.2 ,  981.6 
OFF-AR-10003752,  424.0 ,  448.9 ,  954.0 ,  477.0 ,  763.2 ,  381.6 
TEC-AC-10001714,  519.8 ,  482.7 ,  337.9 ,  422.4 ,  614.4 ,  965.4 
OFF-AR-10003958,  574.1 ,  829.2 ,  533.1 ,  414.6 ,  466.4 ,  439.0 
TEC-PH-10002923,"  1,074.4 ",  752.1 ,  442.4 ,  578.5 ,  626.8 ,  626.8 
OFF-LA-10004272,  34.9 ,  51.1 ,  36.9 ,  33.2 ,  51.1 ,  47.4 
FUR-FU-10000965,  4.9 ,  7.0 ,  2.6 ,  3.3 ,  3.3 ,  3.1 
OFF-LA-10004853,  0.5 ,  0.4 ,  0.5 ,  0.5 ,  0.3 ,  0.3 
OFF-BI-10000545,  92.6 ,  138.9 ,  69.4 ,  61.7 ,  65.4 ,  55.6 
OFF-PA-10003591,  66.6 ,  53.3 ,  76.1 ,  33.3 ,  59.2 ,  66.6 
OFF-PA-10001790,  115.4 ,  71.0 ,  61.5 ,  65.9 ,  51.3 ,  61.5 
TEC-AC-10002049,  114.9 ,  183.9 ,  131.4 ,  204.3 ,  229.9 ,  167.2 
OFF-BI-10003984,  99.9 ,  115.3 ,  187.4 ,  166.6 ,  214.1 ,  214.1 
FUR-FU-10001424,  22.7 ,  41.3 ,  30.3 ,  32.4 ,  30.3 ,  50.4 
OFF-BI-10002071,  63.7 ,  38.9 ,  43.8 ,  58.4 ,  77.9 ,  100.1 
OFF-ST-10002486,  153.6 ,  192.0 ,  219.4 ,  170.7 ,  153.6 ,  118.2 
OFF-PA-10001622,  22.2 ,  17.8 ,  22.2 ,  35.5 ,  20.9 ,  35.5 
OFF-AR-10003158,  52.6 ,  30.7 ,  46.0 ,  46.0 ,  46.0 ,  18.4 
TEC-PH-10002660,  248.9 ,  248.9 ,  91.7 ,  108.9 ,  87.1 ,  217.8 
OFF-BI-10003364,  166.5 ,  166.5 ,  95.1 ,  166.5 ,  74.0 ,  66.6 
OFF-EN-10001099,  296.9 ,  182.7 ,  118.8 ,  197.9 ,  169.6 ,  339.3 
OFF-PA-10002250,  84.8 ,  131.0 ,  84.8 ,  84.8 ,  131.0 ,  205.9 
OFF-BI-10004716,  145.6 ,  93.6 ,  163.8 ,  81.9 ,  87.3 ,  109.2 
OFF-BI-10001510,  72.5 ,  49.6 ,  49.6 ,  78.5 ,  85.6 ,  62.8 
OFF-PA-10002947,  81.7 ,  65.4 ,  145.2 ,  76.9 ,  108.9 ,  108.9 
OFF-PA-10000019,  230.8 ,  123.1 ,  123.1 ,  167.8 ,  108.6 ,  153.8 
FUR-BO-10003441,  202.3 ,  242.8 ,  269.8 ,  121.4 ,  173.4 ,  202.3 
TEC-PH-10001494,  77.1 ,  88.1 ,  64.9 ,  137.0 ,  102.8 ,  82.2 
TEC-AC-10004666,  0.8 ,  0.6 ,  0.7 ,  1.4 ,  0.8 ,  0.6 
OFF-ST-10003816,  79.5 ,  71.6 ,  159.0 ,  75.3 ,  79.5 ,  143.1 
FUR-TA-10001520,  297.2 ,  233.5 ,  233.5 ,  204.3 ,  408.6 ,  408.6 
OFF-ST-10001558,  25.3 ,  47.0 ,  19.4 ,  17.3 ,  17.3 ,  47.0 
TEC-AC-10002473,  484.8 ,  606.0 ,  255.2 ,  303.0 ,  372.9 ,  484.8 
TEC-PH-10004531,  399.7 ,  357.6 ,  377.5 ,  424.7 ,  970.7 ,  679.5 
OFF-AP-10004487,"  1,230.1 ","  1,025.1 ",  723.6 ,  683.4 ,"  1,230.1 ",  647.4 
OFF-PA-10003543,  666.1 ,"  1,141.9 ",  444.1 ,  614.8 ,  420.7 ,  570.9 
TEC-AC-10004353,  494.2 ,  261.6 ,  222.4 ,  247.1 ,  317.7 ,  234.1 
OFF-AR-10001468,  649.6 ,  519.7 ,  433.1 ,  708.6 ,  389.8 ,  519.7 
OFF-PA-10002195,  77.0 ,  51.3 ,  44.0 ,  61.6 ,  38.5 ,  34.2 
OFF-PA-10001745,  61.6 ,  32.4 ,  36.2 ,  88.0 ,  61.6 ,  88.0 
OFF-BI-10004826,  26.0 ,  41.6 ,  20.8 ,  27.7 ,  41.6 ,  26.0 
OFF-ST-10001496,  181.2 ,  223.0 ,  414.1 ,  322.1 ,  181.2 ,  322.1 
OFF-BI-10002931,  75.3 ,  43.6 ,  92.0 ,  63.7 ,  51.8 ,  63.7 
FUR-TA-10002356,  406.1 ,  338.4 ,  761.4 ,  380.7 ,  870.1 ,  609.1 
OFF-PA-10000788,  1.4 ,  1.8 ,  2.5 ,  1.5 ,  1.4 ,  1.7 
FUR-FU-10001940,  6.1 ,  7.5 ,  6.5 ,  7.0 ,  7.0 ,  9.8 
OFF-BI-10004465,  134.7 ,  230.9 ,  115.4 ,  80.8 ,  115.4 ,  115.4 
OFF-PA-10002333,  606.0 ,  282.8 ,  530.3 ,  424.2 ,  265.1 ,  385.6 
FUR-FU-10004188,  1.4 ,  1.3 ,  2.0 ,  1.3 ,  2.5 ,  1.8 
OFF-BI-10000145,  1.4 ,  1.7 ,  2.2 ,  1.0 ,  2.2 ,  1.1 
OFF-LA-10001613,  6.7 ,  7.8 ,  12.1 ,  9.5 ,  8.9 ,  6.7 
OFF-LA-10004055,  3.1 ,  6.6 ,  3.5 ,  3.3 ,  7.4 ,  3.3 
OFF-PA-10004621,  0.4 ,  0.9 ,  0.8 ,  0.3 ,  0.4 ,  0.3 
OFF-PA-10001281,  18.0 ,  26.2 ,  28.8 ,  14.4 ,  22.2 ,  14.4 
OFF-ST-10001097,  28.5 ,  28.5 ,  26.7 ,  25.1 ,  30.5 ,  30.5 
FUR-FU-10001095,  65.9 ,  73.2 ,  73.2 ,  65.9 ,  33.0 ,  41.2 
OFF-BI-10002012,  16.0 ,  7.6 ,  16.0 ,  8.5 ,  11.1 ,  20.6 
OFF-PA-10004156,  37.2 ,  37.2 ,  35.1 ,  52.7 ,  48.6 ,  79.0 
OFF-AR-10000034,  46.9 ,  32.8 ,  32.8 ,  29.8 ,  46.9 ,  20.5 
TEC-PH-10000560,  15.3 ,  10.5 ,  12.4 ,  16.6 ,  14.2 ,  19.9 
OFF-EN-10000461,  53.8 ,  71.7 ,  95.6 ,  50.6 ,  66.2 ,  61.4 
TEC-MA-10003066,  5.4 ,  3.9 ,  5.8 ,  4.7 ,  3.7 ,  8.8 
OFF-BI-10004022,  244.3 ,  146.6 ,  418.9 ,  183.3 ,  146.6 ,  325.8 
OFF-AR-10001988,  16.9 ,  13.5 ,  10.7 ,  11.9 ,  18.5 ,  16.9 
OFF-PA-10003625,  7.9 ,  17.4 ,  8.7 ,  13.1 ,  9.2 ,  11.2 
OFF-BI-10003925,  10.0 ,  18.9 ,  11.3 ,  9.4 ,  18.9 ,  8.5 
OFF-EN-10003862,  155.4 ,  99.9 ,  139.9 ,  70.0 ,  174.9 ,  107.6 
OFF-ST-10004258,  30.9 ,  75.0 ,  29.2 ,  27.6 ,  47.7 ,  32.8 
FUR-FU-10002885,  25.7 ,  25.7 ,  28.6 ,  23.4 ,  23.4 ,  28.6 
TEC-AC-10003033,  121.7 ,  109.5 ,  109.5 ,  219.0 ,  243.3 ,  156.4 
OFF-AR-10001166,  5.3 ,  4.0 ,  4.0 ,  2.5 ,  3.7 ,  2.7 
FUR-CH-10000309,  51.1 ,  27.1 ,  46.0 ,  30.7 ,  27.1 ,  51.1 
TEC-MA-10004212,  34.9 ,  14.7 ,  27.9 ,  31.0 ,  34.9 ,  14.7 
OFF-EN-10003072,  30.9 ,  26.3 ,  35.1 ,  35.1 ,  40.5 ,  26.3 
OFF-BI-10000320,  9.7 ,  15.8 ,  9.0 ,  9.7 ,  11.5 ,  9.0 
OFF-PA-10001166,  66.4 ,  25.8 ,  23.3 ,  25.8 ,  58.1 ,  33.2 
OFF-PA-10003656,  45.1 ,  24.3 ,  15.8 ,  35.1 ,  45.1 ,  39.5 
TEC-PH-10000148,  12.6 ,  28.7 ,  25.1 ,  25.1 ,  18.3 ,  10.1 
OFF-LA-10001175,  16.9 ,  8.4 ,  7.1 ,  19.3 ,  9.0 ,  6.8 
FUR-FU-10003975,  18.2 ,  34.3 ,  28.1 ,  22.1 ,  18.2 ,  44.1 
TEC-AC-10004761,  93.8 ,  41.7 ,  75.0 ,  93.8 ,  75.0 ,  41.7 
FUR-BO-10001811,  1.7 ,  0.9 ,  1.2 ,  1.1 ,  1.7 ,  1.1 
OFF-AR-10001130,  2.2 ,  1.3 ,  2.0 ,  2.4 ,  2.4 ,  1.4 
OFF-AP-10000055,  1.9 ,  4.1 ,  1.9 ,  2.1 ,  3.7 ,  3.4 
OFF-AR-10000716,  2.9 ,  2.0 ,  1.9 ,  2.5 ,  4.8 ,  3.5 
OFF-BI-10001097,  3.0 ,  4.3 ,  4.3 ,  1.9 ,  1.8 ,  1.6 
OFF-BI-10001597,  184.9 ,  227.6 ,  148.0 ,  164.4 ,  197.3 ,  422.7 
OFF-FA-10004838,  0.0 ,  0.0 ,  0.0 ,  0.0 ,  0.0 ,  0.0 
TEC-PH-10002115,  6.7 ,  7.7 ,  14.3 ,  5.0 ,  9.1 ,  7.7 
OFF-FA-10003059,  0.6 ,  0.4 ,  0.4 ,  0.7 ,  0.4 ,  0.4 
OFF-BI-10004330,  0.2 ,  0.4 ,  0.3 ,  0.2 ,  0.3 ,  0.3 
OFF-BI-10003669,  42.3 ,  36.2 ,  72.4 ,  25.4 ,  31.7 ,  31.7 
TEC-AC-10003447,  34.8 ,  55.6 ,  34.8 ,  55.6 ,  55.6 ,  39.7 
OFF-AR-10000255,  18.5 ,  26.9 ,  42.3 ,  22.8 ,  37.0 ,  32.9 
OFF-AP-10002191,  78.7 ,  83.4 ,  128.8 ,  94.5 ,  88.6 ,  202.4 
OFF-PA-10000349,  33.0 ,  52.3 ,  44.8 ,  89.6 ,  89.6 ,  33.0 
OFF-PA-10003127,  4.5 ,  3.3 ,  5.6 ,  2.5 ,  7.1 ,  3.6 
OFF-PA-10000029,"  5,263.3 ","  9,569.5 ","  6,192.1 ","  13,158.1 ","  6,192.1 ","  5,540.3 "
OFF-LA-10000452,  592.4 ,  430.8 ,  249.4 ,  263.3 ,  526.6 ,  263.3 
TEC-PH-10001819,  53.1 ,  56.4 ,  53.1 ,  64.4 ,  45.1 ,  128.9 
OFF-AR-10002952,  166.5 ,  118.9 ,  128.1 ,  97.9 ,  151.4 ,  237.9 
TEC-PH-10000576,  795.6 ,  663.0 ,  397.8 ,"  1,136.6 ",  468.0 ,  994.5 
OFF-PA-10000605,  538.1 ,  597.8 ,"  1,195.7 ","  1,345.1 ",  768.6 ,  566.4 
OFF-ST-10004340,  17.6 ,  9.5 ,  7.2 ,  15.4 ,  8.2 ,  15.4 
OFF-BI-10004001,  73.6 ,  73.6 ,  34.8 ,  66.2 ,  94.6 ,  33.1 
FUR-TA-10004147,  0.3 ,  0.4 ,  0.2 ,  0.2 ,  0.2 ,  0.2 
OFF-AR-10001545,  609.1 ,"  1,218.3 ",  448.8 ,  656.0 ,  852.8 ,  775.3 
TEC-AC-10001013,  0.4 ,  0.4 ,  0.4 ,  0.3 ,  0.2 ,  0.3 
OFF-AR-10002255,  0.4 ,  0.3 ,  0.3 ,  0.3 ,  0.2 ,  0.2 
OFF-PA-10001892,"  1,061.6 ","  1,990.5 ","  1,592.4 ",  796.2 ,  995.3 ,  796.2 
OFF-BI-10003676,"  1,041.9 ",  694.6 ,  947.2 ,  521.0 ,"  1,302.4 ",  868.3 
OFF-FA-10003495,"  1,171.7 ","  1,171.7 ",  976.4 ,  976.4 ,  976.4 ,"  1,098.5 "
OFF-EN-10003798,  738.2 ,  965.3 ,"  1,254.9 ","  1,254.9 ",  738.2 ,"  1,394.3 "
TEC-PH-10003589,  923.0 ,"  1,499.9 ","  1,714.1 ",  799.9 ,"  1,199.9 ","  1,199.9 "
OFF-PA-10004735,"  2,700.1 ","  1,181.3 ","  2,100.1 ","  1,050.1 ","  1,050.1 ","  1,718.3 "
FUR-BO-10002206,"  4,794.7 ","  2,157.6 ","  2,697.0 ","  4,315.2 ","  4,794.7 ","  3,319.4 "
OFF-PA-10000141,"  2,791.9 ","  2,233.6 ","  2,351.1 ","  4,061.0 ","  2,351.1 ","  2,627.7 "
TEC-PH-10001061,  897.5 ,  961.6 ,  791.9 ,  791.9 ,  673.1 ,  673.1 
OFF-AR-10002375,"  1,210.6 ","  2,421.1 ",  996.9 ,"  2,118.5 ","  1,540.7 ","  1,210.6 "
OFF-EN-10001539,"  1,153.4 ",  576.7 ,  648.8 ,  943.7 ,  610.6 ,  576.7 
FUR-TA-10004086,"  1,430.6 ","  3,218.9 ","  1,839.4 ","  2,861.2 ","  3,678.7 ","  3,218.9 "
OFF-PA-10000100,  509.1 ,  700.0 ,  280.0 ,  800.0 ,  350.0 ,  373.3 
OFF-LA-10000973,"  2,482.0 ",  992.8 ,"  1,323.7 ","  1,418.3 ","  2,836.6 ",  992.8 
OFF-ST-10001476,  290.6 ,  218.0 ,  363.3 ,  229.4 ,  335.3 ,  290.6 
OFF-EN-10002831,"  3,261.0 ","  1,755.9 ","  3,261.0 ","  1,426.7 ","  1,201.4 ","  2,282.7 "
OFF-PA-10001763,"  1,974.0 ","  2,090.1 ","  2,538.0 ","  2,961.0 ","  4,441.5 ","  2,733.2 "
OFF-BI-10002072,"  1,133.8 ",  656.4 ,  831.5 ,  692.9 ,  623.6 ,"  1,385.8 "
OFF-FA-10001561,"  2,018.8 ","  2,422.5 ","  1,514.1 ","  1,345.8 ","  1,275.0 ","  3,460.7 "
TEC-MA-10004241,  148.2 ,  214.1 ,  107.1 ,  96.4 ,  240.9 ,  113.4 
OFF-AP-10003849,  339.0 ,  148.3 ,  139.6 ,  215.7 ,  148.3 ,  158.2 
OFF-FA-10000735,  189.3 ,  94.7 ,  89.7 ,  154.9 ,  189.3 ,  170.4 
OFF-BI-10003350,  44.4 ,  120.4 ,  46.8 ,  120.4 ,  46.8 ,  46.8 
TEC-PH-10000307,  22.1 ,  27.0 ,  17.4 ,  18.7 ,  14.3 ,  16.2 
TEC-CO-10004202,  196.0 ,  269.5 ,  165.8 ,  308.0 ,  107.8 ,  215.6 
FUR-FU-10001852,  45.2 ,  53.7 ,  66.1 ,  57.3 ,  61.4 ,  66.1 
OFF-AR-10003759,  36.3 ,  16.9 ,  14.9 ,  14.9 ,  14.1 ,  18.1 
OFF-ST-10004337,  0.9 ,  1.6 ,  1.1 ,  1.6 ,  1.5 ,  1.8 
FUR-TA-10001932,  212.1 ,  106.1 ,  151.5 ,  117.8 ,  141.4 ,  132.6 
FUR-CH-10002126,  330.7 ,  128.6 ,  115.8 ,  231.5 ,  154.3 ,  210.5 
TEC-PH-10004700,  92.1 ,  138.1 ,  81.2 ,  92.1 ,  81.2 ,  98.6 
OFF-BI-10003429,  63.2 ,  59.3 ,  86.2 ,  63.2 ,  72.9 ,  105.3 
OFF-PA-10003172,  184.5 ,  184.5 ,  221.4 ,  138.4 ,  221.4 ,  316.3 
OFF-ST-10002352,  145.6 ,  201.6 ,  145.6 ,  218.4 ,  154.2 ,  238.3 
OFF-PA-10002259,  10.8 ,  13.5 ,  10.1 ,  12.5 ,  9.5 ,  8.1 
OFF-BI-10002976,  109.6 ,  170.4 ,  95.9 ,  109.6 ,  90.2 ,  118.0 
OFF-BI-10003694,  99.1 ,  178.3 ,  222.9 ,  111.4 ,  99.1 ,  198.1 
OFF-LA-10004425,  0.6 ,  1.4 ,  1.1 ,  1.0 ,  0.7 ,  0.6 
FUR-CH-10001270,  24.0 ,  32.6 ,  35.1 ,  65.1 ,  24.0 ,  30.4 
TEC-PH-10004539,  37.1 ,  57.0 ,  92.6 ,  61.8 ,  46.3 ,  37.1 
OFF-AR-10001919,  32.1 ,  37.4 ,  28.1 ,  23.6 ,  24.9 ,  34.5 
TEC-PH-10003655,  86.6 ,  86.6 ,  34.7 ,  86.6 ,  86.6 ,  34.7 
OFF-ST-10002344,  91.0 ,  121.3 ,  113.7 ,  91.0 ,  181.9 ,  202.1 
TEC-PH-10004447,  115.0 ,  213.6 ,  124.6 ,  87.9 ,  83.1 ,  135.9 
FUR-CH-10003973,  78.3 ,  73.9 ,  121.0 ,  102.4 ,  133.1 ,  95.1 
OFF-PA-10000682,  332.5 ,  498.8 ,  199.5 ,  570.0 ,  210.0 ,  285.0 
FUR-FU-10002268,  25.9 ,  38.9 ,  55.6 ,  21.6 ,  32.4 ,  22.9 
TEC-AC-10001990,  100.5 ,  59.1 ,  52.9 ,  59.1 ,  52.9 ,  100.5 
FUR-CH-10004540,  6.7 ,  4.0 ,  5.0 ,  11.4 ,  5.3 ,  8.0 
OFF-ST-10002292,  25.7 ,  21.8 ,  14.2 ,  15.7 ,  40.4 ,  35.4 
OFF-AR-10004999,  50.3 ,  106.2 ,  63.7 ,  53.1 ,  106.2 ,  86.9 
OFF-BI-10001031,  0.3 ,  0.3 ,  0.9 ,  0.3 ,  0.3 ,  0.7 
FUR-FU-10001867,  379.1 ,  448.0 ,  379.1 ,  352.0 ,  410.7 ,  547.6 
TEC-PH-10002200,  443.9 ,  686.0 ,  686.0 ,  443.9 ,  628.8 ,  471.6 
TEC-PH-10000439,  142.8 ,  158.6 ,  167.9 ,  237.9 ,  237.9 ,  190.3 
OFF-PA-10001685,  27.0 ,  21.0 ,  9.5 ,  9.5 ,  27.0 ,  10.5 
OFF-ST-10001418,  71.0 ,  118.3 ,  78.8 ,  141.9 ,  88.7 ,  71.0 
OFF-AR-10001022,  0.1 ,  0.1 ,  0.1 ,  0.1 ,  0.1 ,  0.1 
OFF-EN-10003055,  0.6 ,  0.4 ,  0.4 ,  0.4 ,  0.8 ,  0.6 
TEC-CO-10001046,  169.1 ,  139.3 ,  139.3 ,  124.6 ,  197.3 ,  139.3 
FUR-FU-10000076,  181.3 ,  114.5 ,  217.5 ,  241.7 ,  114.5 ,  127.9 
FUR-FU-10003268,  0.5 ,  0.7 ,  0.6 ,  0.4 ,  0.4 ,  0.6 
FUR-FU-10003691,  298.5 ,  507.5 ,  563.9 ,  267.1 ,  725.0 ,  253.8 
OFF-AR-10003903,  0.7 ,  0.9 ,  1.7 ,  0.9 ,  0.8 ,  1.7 
TEC-PH-10003442,  453.7 ,  397.0 ,  397.0 ,  397.0 ,  705.8 ,  705.8 
OFF-BI-10004519,  421.6 ,  374.8 ,  421.6 ,  481.9 ,  240.9 ,  306.6 
OFF-EN-10004955,  889.7 ,"  1,652.3 ",  608.7 ,  722.9 ,  889.7 ,"  1,652.3 "
FUR-TA-10004619,  268.8 ,  179.2 ,  384.0 ,  206.8 ,  336.0 ,  206.8 
FUR-BO-10004467,  75.8 ,  104.3 ,  59.6 ,  64.2 ,  52.1 ,  59.6 
OFF-AR-10002280,  8.2 ,  6.8 ,  6.8 ,  6.8 ,  11.2 ,  6.2 
FUR-CH-10001708,  158.3 ,  193.4 ,  91.6 ,  116.1 ,  248.7 ,  174.1 
OFF-AR-10000462,  99.2 ,  198.4 ,  104.4 ,  110.2 ,  110.2 ,  99.2 
FUR-FU-10003724,"  1,465.3 ",  616.9 ,  586.1 ,  689.5 ,  837.3 ,"  1,065.6 "
FUR-FU-10003535,  86.1 ,  38.3 ,  62.6 ,  34.5 ,  40.5 ,  57.4 
TEC-PH-10004586,  40.3 ,  103.6 ,  38.2 ,  55.8 ,  40.3 ,  36.3 
OFF-BI-10004236,  12.1 ,  19.2 ,  13.5 ,  12.8 ,  16.4 ,  13.5 
OFF-AR-10000422,  35.0 ,  26.3 ,  32.3 ,  24.7 ,  52.5 ,  35.0 
OFF-PA-10002870,  33.4 ,  22.9 ,  52.4 ,  30.6 ,  20.4 ,  19.3 
OFF-ST-10000563,  26.9 ,  43.8 ,  25.0 ,  43.8 ,  17.5 ,  19.4 
OFF-BI-10002854,  130.3 ,  234.5 ,  117.3 ,  260.6 ,  234.5 ,  156.3 
FUR-CH-10001973,  0.8 ,  0.9 ,  0.7 ,  1.1 ,  0.8 ,  1.4 
TEC-AC-10000580,  4.7 ,  6.5 ,  6.5 ,  5.8 ,  4.7 ,  3.5 
TEC-AC-10004209,  3.1 ,  6.1 ,  2.7 ,  2.9 ,  3.3 ,  5.4 
TEC-AC-10000023,  4.1 ,  2.5 ,  6.1 ,  7.0 ,  3.1 ,  6.1 
TEC-PH-10003505,  3.9 ,  5.5 ,  5.1 ,  3.9 ,  4.1 ,  5.1 
OFF-LA-10000121,  29.2 ,  13.2 ,  17.5 ,  20.2 ,  32.9 ,  17.5 
OFF-PA-10000994,  47.9 ,  42.9 ,  47.9 ,  67.9 ,  116.4 ,  40.8 
OFF-BI-10002813,  9.1 ,  9.1 ,  10.0 ,  6.7 ,  5.9 ,  5.3 
OFF-AR-10004817,  13.6 ,  7.9 ,  11.9 ,  6.8 ,  5.6 ,  11.9 
TEC-PH-10003437,  0.5 ,  0.5 ,  0.4 ,  0.5 ,  0.7 ,  0.7 
FUR-CH-10003846,  11.0 ,  12.4 ,  6.6 ,  6.6 ,  9.9 ,  7.6 
OFF-LA-10001404,  4.5 ,  4.5 ,  2.8 ,  2.4 ,  1.8 ,  3.6 
FUR-FU-10004960,  1.3 ,  2.9 ,  2.5 ,  2.9 ,  1.2 ,  1.3 
TEC-AC-10003116,"  3,540.7 ","  7,868.2 ","  4,720.9 ","  5,901.2 ","  8,851.8 ","  3,727.1 "
OFF-AP-10004859,"  15,939.4 ","  6,973.5 ","  6,198.7 ","  6,973.5 ","  13,947.0 ","  6,563.3 "
OFF-PA-10002659,"  5,081.5 ","  4,128.8 ","  3,885.9 ","  6,606.0 ","  6,606.0 ","  5,505.0 "
OFF-BI-10004139,  339.8 ,  430.4 ,  586.9 ,  717.3 ,  322.8 ,  430.4 
OFF-AR-10002818,  114.9 ,  114.9 ,  188.1 ,  206.9 ,  206.9 ,  258.6 
OFF-AP-10001303,  7.5 ,  6.0 ,  3.3 ,  3.0 ,  3.2 ,  4.6 
OFF-ST-10002574,  10.2 ,  12.8 ,  10.2 ,  9.6 ,  8.5 ,  8.1 
FUR-FU-10004018,  26.8 ,  14.1 ,  24.4 ,  14.1 ,  29.8 ,  24.4 
TEC-PH-10002549,  4.8 ,  4.4 ,  8.9 ,  4.1 ,  3.4 ,  6.9 
OFF-PA-10004911,  1.0 ,  0.5 ,  0.6 ,  0.4 ,  0.8 ,  0.5 
TEC-MA-10002178,  0.3 ,  0.3 ,  0.6 ,  0.4 ,  0.3 ,  0.5 
OFF-AR-10000411,  2.9 ,  2.1 ,  5.0 ,  2.9 ,  1.8 ,  1.8 
OFF-PA-10000466,  0.3 ,  0.1 ,  0.1 ,  0.2 ,  0.1 ,  0.2 
OFF-AR-10003829,  1.1 ,  0.9 ,  1.3 ,  1.2 ,  1.1 ,  2.0 
OFF-BI-10001758,  221.5 ,  402.6 ,  553.6 ,  316.4 ,  276.8 ,  316.4 
OFF-BI-10000136,  290.7 ,  188.1 ,  355.3 ,  319.8 ,  399.8 ,  228.4 
OFF-ST-10000649,  233.0 ,  499.3 ,  194.2 ,  218.4 ,  388.3 ,  436.9 
OFF-PA-10003641,  139.8 ,  167.7 ,  314.5 ,  279.6 ,  314.5 ,  132.4 
FUR-CH-10002961,  156.9 ,  167.4 ,  279.0 ,  279.0 ,  147.7 ,  125.6 
TEC-PH-10001336,  275.9 ,  290.4 ,  613.0 ,  459.8 ,  344.8 ,  551.7 
TEC-MA-10003183,  112.7 ,  164.7 ,  107.1 ,  107.1 ,  125.9 ,  107.1 
TEC-AC-10001314,  127.8 ,  209.1 ,  121.1 ,  164.3 ,  230.0 ,  164.3 
TEC-AC-10004510,  243.1 ,  295.1 ,  258.3 ,  590.3 ,  459.1 ,  217.5 
OFF-BI-10000042,  682.0 ,  682.0 ,  265.2 ,  434.0 ,  596.8 ,  265.2 
FUR-TA-10003008,  31.0 ,  13.1 ,  13.1 ,  14.6 ,  17.7 ,  16.5 
OFF-AP-10003590,  10.8 ,  17.3 ,  8.7 ,  12.4 ,  10.2 ,  13.3 
OFF-PA-10000806,  4.0 ,  1.8 ,  3.5 ,  1.5 ,  2.3 ,  2.3 
TEC-PH-10002310,  13.1 ,  5.1 ,  10.2 ,  4.6 ,  8.4 ,  4.8 
OFF-ST-10002289,  73.8 ,  101.5 ,  54.1 ,  67.7 ,  45.1 ,  50.8 
OFF-PA-10001289,  197.7 ,  508.4 ,  323.5 ,  209.4 ,  444.9 ,  355.9 
OFF-FA-10000053,  1.1 ,  1.5 ,  2.2 ,  2.0 ,  2.0 ,  1.1 
FUR-TA-10002958,  0.6 ,  1.0 ,  0.9 ,  0.4 ,  0.8 ,  0.4 
FUR-TA-10001676,  1.6 ,  1.9 ,  3.5 ,  2.8 ,  4.0 ,  2.5 